tweetid,user,content,date,lang,sentiment/polarity/value
770976639173951488,noseashetero,@noseashetero 1000/10 de verdad a ti que voy a decir petarda que te quiero m√°s que a m√≠ mismo  ‚ú®,2016-08-31 13:28:49,es,P
771092421866389508,Templelx,@piscolabisaereo @HistoriaNG @SPosteguillo las tengo pero a√∫n no las he le√≠do. Caer√°n prontito,2016-08-31 21:08:54,es,P
771092111429083136,esskuu94,"Al final han sido 3h  Bueno, ma√±ana tengo fiesta as√≠ que.. No me quejo",2016-08-31 21:07:40,es,P
771092070572449796,__ariadna9,@Jorge_Ruiz14 yo no tengo tiempo para esas cosas ahora mismo,2016-08-31 21:07:30,es,N
771094192508600320,_cristtina15_,@_MissChaotic_ ves ese brillo? es un coso que hace que se sepan a kk,2016-08-31 21:15:56,es,N
771116956518875137,JSorgex,Tengo una perrina adorable... Sab√©is que me acompa√±a hasta la a habitaci√≥n cuando me voy a dormir?,2016-08-31 22:46:23,es,P
771115324884262912,Escarolilla,"@juankipua Es que en el Ojeando el a√±o pasado tampoco, tiene muchas canciones ya jajajajaja",2016-08-31 22:39:54,es,NEU
771118683414560768,KaichiZick95,"Bueno, estoy en la batalla final del Conquista y ya despu√©s me faltar√≠a Revelaci√≥n",2016-08-31 22:53:15,es,NONE
770550748107202560,carlosnmr,@CondeDuqueMAD ¬øma√±ana s√°bado 31? En que d√≠a vives?  Ma√±ana es mi√©rcoles 31.,2016-08-30 09:16:29,es,NONE
770549862500802560,hermesni,"@agcasti y el caminante ante el mar de niebla, uno de mis cuadros favoritos en portada",2016-08-30 09:12:58,es,P
770549380294336512,lameri86,@vitojph ¬°s√≠! Y me ha encantado  ¬øT√∫ ya las visto? ¬øCu√°ndo comentamos?,2016-08-30 09:11:03,es,P
770558771219271680,aladroqe,@aladroqe Se me olvidaban los grandes @2qblog y @estapillao ! A ver si os interesa es hilillo,2016-08-30 09:48:22,es,NONE
770558626788507648,the_heruman,"@pendragoncillo Mejor si pones un link a la cuenta, me ha costado encontrarte..",2016-08-30 09:47:47,es,N
770555355491426305,CharlieSkelter,@Majoras_Mark Por?  Ten√≠a pensado verla despu√©s de la segunda de Daredevil,2016-08-30 09:34:47,es,NONE
770554917685719040,Jess_BipOlateD,"@SoofRawr + ni el de al lado, la ""manita"" que usas para que se vea como m√°s negro",2016-08-30 09:33:03,es,NONE
770527686116700160,Mrjunjo,Llevo despierto desde las 8 porque un puto mosquito estaba volando en mi puta oreja y,2016-08-30 07:44:50,es,N
770521682842877953,ElisaZamora,@ArchivoSGAE Qu√© estupendo. Y... ¬øc√≥mo os lo encargo?  ¬øEs la estupend√≠sima versi√≥n de Barce..?,2016-08-30 07:20:59,es,P
770470969085464578,PatriCarvajal03,Cosas que enamora las tostadas calentitas a estas horas de la ma√±ana,2016-08-30 03:59:28,es,P
770544710440083456,XxSedixX,"Hola buenos d√≠as, me he dormido a las 5 y algo y me acabo de despertar y se me ha ido el sue√±o",2016-08-30 08:52:29,es,P
770560227531948032,krenecito,@omixam no creo que hayan dise√±ado una tipo propia,2016-08-30 09:54:09,es,N
769977284514156545,itsgeorhero,@perriestheory sabes que en 2012 o 13 ten√≠a una novela de mierda en la que perrie era mala,2016-08-28 19:17:44,es,N
769979388825927680,botilux,@CarlosSadness en ninguna porque no te he visto en directo  concierto en madrid pronto pls,2016-08-28 19:26:06,es,NEU
770057070611722240,nalvarys,@uravity_ lo se pero tengo la esperanza de que en realidad sea un personaje mucho mas oscuro,2016-08-29 00:34:47,es,N
770056603924037633,dos__is,Pa una vez que me pongo a ver pel√≠culas con un amigo y se queda dormido,2016-08-29 00:32:55,es,N
770059333489025024,kayatojpg,"@Hanita_chan nfin, no puede ser peor que un minikayato 
Clauyato is real",2016-08-29 00:43:46,es,N
770053036483940353,KharanosGame,@KharanosGame Que Kinox no me quiere   zi yo zoy buena perzona,2016-08-29 00:18:45,es,N
770032814729355264,FerZCarbonell,"Este viernes ir√© al cine a ver #NoRespires para celebrar mi cumple. Por cierto, no est√°is invitados",2016-08-28 22:58:24,es,NEU
770221197309120512,Maarta_24,"Podr√≠amos empezar septiembre desde el d√≠a tres, no s√©, estar√≠a guay",2016-08-29 11:26:58,es,P
770220682504470528,baddgyaI,y lo peor de todo es que funcionaba maldita Jaco como te quiero,2016-08-29 11:24:55,es,NEU
770219320643387392,Lopzyyy,aqui fardando de que soy vegano desde hace 2 dias con mis amigos de tuiter!,2016-08-29 11:19:30,es,P
770187533531643904,_Niflheimr_,@MisfitStormer pues hay gente as√≠ de mala por el mundo,2016-08-29 09:13:12,es,N
770223986382962688,AlexysFlinG,@Mentestropeada Atraigo por los dos lados es un problema duro,2016-08-29 11:38:03,es,N
770222346829520896,Norambu_,@YG__GF me ofrecer√≠a pero gerald es demasiado lindo,2016-08-29 11:31:32,es,NEU
770238296865792000,patrisjournal,@baad_news es direcci√≥n de proyectos en empresas audiovisuales,2016-08-29 12:34:54,es,NONE
770238084764041217,asiercg_7,Como destrozaba el puto movil ahora mismo,2016-08-29 12:34:04,es,N
770237903062654976,Pro_Kaiiseer,#DiaDelVideojuegoHC por todas esas grandes tardes que nos hacen pasar y las que pasaran!,2016-08-29 12:33:21,es,P
770237223916670976,CaroLedesma27,"@DarkGiirI que va t√≠a, muchos son viejos de mi madre, otros del chino. Los que me encantan y me estoy comprando son los del Kiko",2016-08-29 12:30:39,es,P
770236753525481473,Luxaaas,Parece que hasta ma√±ana no podr√© catar el madden. Hoy no habra directo,2016-08-29 12:28:47,es,N
770242315306799104,manumm_97,Mi compa√±ero de trabajo ser√° mi futuro marido... que pena que no lo sepa,2016-08-29 12:50:53,es,N
770215539037839360,MARUGENDA,@Reporte24ES @LaVerdad24ES fallecido hace meses. Hay q contrastar.,2016-08-29 11:04:29,es,N
770214477363023872,Mikolisk,@Yore89 necesito mi raci√≥n de atenci√≥n diaria que si no no mantengo la autoestima,2016-08-29 11:00:15,es,N
770201127057063936,formatecyl,"@CristyStruky Gracias por dar a ""Me gusta"" a nuestros tweets  ¬øque tal? ¬øest√°s trabajando Cristina?",2016-08-29 10:07:12,es,P
770267484553347072,clinica_fuste,@Club_Ratoncito Nuestros ni√±os no andaban de lo m√°s animado con eso de que se acaban las vacaciones...,2016-08-29 14:30:53,es,N
770266021802471424,AnarionLobogris,@vivanlospipis ser es muy malo pero bueno te salvas porque te queremos igual,2016-08-29 14:25:05,es,P
770270539772493825,Clau_sheeran,Pero solo cojo 5 d√≠as porque me cambio de curro y,2016-08-29 14:43:02,es,NEU
770269675141881856,KCarringtonFox,"@dorysmemories Yo tambi√©n me lo imaginaba as√≠! Tambi√©n soy de las que creen que el casting es buen√≠simo, al menos yo estoy contenta",2016-08-29 14:39:36,es,P
770269426834894850,sandry_lalalala,Despues de trabajar duro me merezco mis caprichos,2016-08-29 14:38:36,es,P
770262568703291392,Segoahni,@LorasTyrellSer Yo tambi√©n te puse algo bonito. Cuanto desprecio,2016-08-29 14:11:21,es,NEU
770272501196845056,NoeliaPink98,No encuentro el mando de la tele y me estoy poniendo nerviosita,2016-08-29 14:50:49,es,N
770246064645496832,anaviled,Lo mejor de estar ya en M√°laga es poder ir a ver Escuadr√≥n Suicida esta tarde,2016-08-29 13:05:46,es,P
770178218255147012,Luis_Endera,"@LaFeaDelBaile insoportable? Eso es lo que t√∫ dices  Ya nos contar√°s, espero que vaya todo genial",2016-08-29 08:36:11,es,P
770174003164155905,pmklose,@toniroldanm y por cierto el respeto (y en mi caso admiraci√≥n) es mutuo,2016-08-29 08:19:26,es,P
770173260218720256,RuTROPICO,"@CainQ yo he subido una en gayumbos hace nada. Qu√© poco me lees paisana 

  @Ichabod1880",2016-08-29 08:16:29,es,N
770281603713101824,Cthulhulove_,@EskizoSirenita hay que ser mala persiana para quitarte esa diversion,2016-08-29 15:27:00,es,N
770281218948624384,neussgutierrez,@myvidaconlibros ¬øverdad que s√≠? Yo tambi√©n me quit√© un gran peso de encima,2016-08-29 15:25:28,es,P
770281174451257344,CristinaSegui_,"@cardinaleconnor Ma√±ana no :(, pero seguro que hay gente buena  @cuatro @mananascuatro",2016-08-29 15:25:17,es,NEU
770277686304468992,ChemicalSuicide,"@DeathManu94 @piercetheidiot ya lo s√©, pobre Uno  Te acompa√±o en los feels",2016-08-29 15:11:26,es,N
770287599500091392,jose_parralo,@_anarKopunK_ @jkarlos1998HD y a√∫n as√≠ estoy en el campo   y l edici√≥n coleccionista tengo que acabar de pagarla,2016-08-29 15:50:49,es,N
770283477195452416,hypocresia,me mantengo optimista pero se me hace dif√≠cil a veces de verdad,2016-08-29 15:34:26,es,N
770288042687037441,KCarringtonFox,@tachina @EW @Outlander_STARZ S√≠! Yo creo que vamos a acabar muuuuuuuuy contentas,2016-08-29 15:52:35,es,P
770208550824075264,rafamerida64,"Vale entiendo, no he estado r√°pido en la bajada, pero hay es donde habr√≠a que haber entrado  

@ivanovlaguna",2016-08-29 10:36:42,es,N
770208079099072512,PsoeLugo,"@GxDRadioGalega Correcci√≥ ""Nin se nos pasa pola cabeza NON ser segundos"".",2016-08-29 10:34:50,es,NONE
770204764709740544,wikimiscojones,Ha muerto mi profesora de volumen/escultura y en serio que bajonazo,2016-08-29 10:21:40,es,N
770250234916110336,Insane_Irene,"Haces que se vaya mi melancol√≠a, me devuelves de nuevo a la vida",2016-08-29 13:22:21,es,P
770249350194790401,miriam_HH,@Sakura1474 tia que estoy a punto de acabar la novena voy con retraso,2016-08-29 13:18:50,es,N
770234256501141508,anailc74,@Madridonasangre yo acabo de aportar mi peque√±a contribuci√≥n. Te sientes tan bien!,2016-08-29 12:18:51,es,P
770232966459092993,meteosojuela,@dfresneda_UNED pues la aludida ...y yo mismo...s√≠...Buen d√≠a,2016-08-29 12:13:44,es,NONE
770231340612583425,EloySiio,Hoy una mosca no me dej√≥ dormir y me cago en su puta vida,2016-08-29 12:07:16,es,N
770230916048445440,carlosrebato,"@Aldepadorio es un gran, gran tipo  @cesarmuela",2016-08-29 12:05:35,es,P
770248941522784256,candeluvi,@FraanBMJ pero entiende que era nuestro sue√±o  adem√°s cuando la vi creo que est√°bamos en 5 de primaria o algo as√≠,2016-08-29 13:17:12,es,NEU
770248677264883713,AiryMadness,@Yuremonplsxd @PequeChikane Aqu√≠ habemos  me he saturado al leer eso idnwhy,2016-08-29 13:16:09,es,N
770248351841456128,Jose_Gil1997,"@Jorge_LBU Espero que te mejores pronto, vomitar es muy desagradable",2016-08-29 13:14:52,es,N
770247683395190784,ImanMontes,la chancla representa el asco y lo muy harta que est√° mi madre de aqu√≠ la menda,2016-08-29 13:12:12,es,N
770253038447624192,HaagenDazs_ES,"Hola @xabyjordi gracias por la informaci√≥n, tomamos nota  Qu√© tengas un buen d√≠a",2016-08-29 13:33:29,es,P
770254835669168128,Felandrock,"@TheFuzzCanyon gracias por etiquetarme, pero no suelo hacer estas cosas",2016-08-29 13:40:38,es,NEU
770254726134960129,Hristi_1X2,@KikeMlaga @sanchezcastejon ¬øSocialistas honrados? Esto es un ox√≠moron.,2016-08-29 13:40:12,es,N
770257983737589760,BlazeGold_,"que le pasa a mi tumblrr o.O
se ha vuelto extra√±o, no sale la musica",2016-08-29 13:53:08,es,N
770257496342659072,G0kuB,"Cada uno que busque sus mecanicas, pero que lo haga rapido antes de morir y eso",2016-08-29 13:51:12,es,N
770228440985468928,RaimonDuran,"@suomijon @chemiF1 @WinfieldF1 ... bien pienso que t√∫ te enquistas en temas secundarios sin ver ""toda la pel√≠cula"".",2016-08-29 11:55:45,es,N
770228393799520256,LoneWolver,Ojal√° alguien llamandome bonito o precioso  sad,2016-08-29 11:55:33,es,N
769975273559326720,tus_muertxs,@Sasnak95 @Muzska89 o hacemos presi√≥n social o esto no avanza,2016-08-28 19:09:45,es,N
770050213847367680,sadhupito,@aIfonsofr no lo consigo  ayudame porfi que es super importante,2016-08-29 00:07:32,es,N
770075865845755904,Glorifiliaa,"Despues de tener el combo perfecto pa sentirme como una mierda, a dormir",2016-08-29 01:49:28,es,N
770074975747313667,annaromartin,Necesito ver por lo menos una vez m√°s a Riri para irme a dormir m√°s conforme. ¬øPor qu√© tienen que echar a estas horas la gala?  #VMAs,2016-08-29 01:45:56,es,N
770048662818938880,allnotesabout1d,"@OnSuicidio es una barbaridad de dinero, y aunque lo tuviera no puedo porque se contrata antes del show  -Noe",2016-08-29 00:01:22,es,N
770076999545196544,nacho_merinob,"@jose97angel ¬øeliminada? Nooo, no la han eliminado. Pas√≥ a la semifinal el otro d√≠a",2016-08-29 01:53:58,es,P
770151813064654848,rais38,@jonathanchacon te deseo much√≠sima suerte en tu pr√≥xima aventura t√≠o,2016-08-29 06:51:15,es,P
770151752964382721,LG_ES,"@EduHdez7th @UDLP_Oficial Preciosa vista y gran resultado, enhorabuena",2016-08-29 06:51:01,es,P
770135955109969920,elputosocio,"@_MrsCristina te amo, aunque parece que te has dormido cuando quedaban 5 o 6",2016-08-29 05:48:14,es,NEU
770135922604138500,vicampuzano,@MataTweet @Alejandro_Novas jajajajaja. El All Bran es Pro!  Buenos d√≠as compis!,2016-08-29 05:48:07,es,P
770025462152265728,Miriam_R97,De verdad desde que me puse las gafas moradas no soporto a ning√∫n t√≠o y,2016-08-28 22:29:11,es,N
770025123118215168,walikk,"El puente mas bonito de la constituci√≥n este a√±o en Alicante 12,13 y 14 @zaharapop en directo y all√≠ estar√©",2016-08-28 22:27:50,es,P
769981814689632257,alfonso_ng,"@ce_roses Ouch, ya no llego, a ver si para la pr√≥xima si que puedo  un saludo",2016-08-28 19:35:44,es,N
770022541813489664,prietsophie,Aaaa aaa estoy tan cansada y me espera una semana tan horrible hasta el jueves que,2016-08-28 22:17:34,es,N
770162951571603456,ParanoidNeva,"@Fourty35 

Es este chisme, que no expresa los matices. No era la idea el elemento cortante.",2016-08-29 07:35:31,es,N
770161501370015744,SanchoNoelia,"Venga va hasta luego, solo he dormido 3 horas",2016-08-29 07:29:45,es,N
770161397665767424,R_Porcar,"@Ronronia @MsLectora Uf, los freudianos! Vinieron a tomar caf√© el mi√©rcoles y aqu√≠ los tengo a√∫n,  acampados en el pasillo  Bon dia",2016-08-29 07:29:20,es,NEU
770160286699491330,TSAGranada,"Un vibrador que nos estudia...se adapta a nuestras necesidades.
Lo mejor del #Verano este #juguete inteligente 

https://t.co/VLgBuWnYX7",2016-08-29 07:24:55,es,P
770159562490015744,the_heruman,"@carlachan Ja ja, hay gente muy cansina, sobre todo a partir de cierta edad, paciencia...",2016-08-29 07:22:03,es,N
770159312580800512,Tulipan_Negro,"@emedemo holaaaa de origen vegetal  nunca nunca nunca de origen animal, buen d√≠a",2016-08-29 07:21:03,es,NEU
770146996254547968,JoseM_Perez,"@gilthoniel_1987 Si estoy trabajando üò≠, con vistas eso s√≠. Buenos d√≠as!!",2016-08-29 06:32:07,es,NEU
770142637852688384,flipper83,"@eenriquelopez era por troleaer, usar store data  valdr√≠a auqn tampoco ser√≠a preciso. #troll",2016-08-29 06:14:48,es,NONE
770208850788093953,arashyhatake,oir a @KNekro  y a @G4G_Revenant que haran directos del wow pero no se acuerdan que el server lo mas seguro ni que vaya  jaja,2016-08-29 10:37:54,es,N
770183418189668356,pmklose,@ElnAlfaro S√≠. En realidad no pensaba q fueran a recortar tanto. La querencia es mutua,2016-08-29 08:56:50,es,NEU
770198030708510721,Manuel180694,"@lococamionero @pnique no, si pagar le pagaba bien, tranquilo",2016-08-29 09:54:54,es,P
770212600881766400,armandowulff,lo mejor de to es que me examino justo el dia de mi cumple pero bueno la vida,2016-08-29 10:52:48,es,P
770739469502865408,fibroluminique,"@alejandrosanmo @luisalisferrer Hay una historia escrita donde salen las mujeres, pero no es tan popular ni se estudia en las escuelas",2016-08-30 21:46:23,es,N
770752938147012608,SergiBleda,"@Valenciazombi Genial! muchas gracias. Mi fanpage de FaceBook sigue activa tambi√©n, aunque yo no entre",2016-08-30 22:39:55,es,P
770752263111446528,TheFuryoStyle,2. Si. Eres mi crush m√°ximo aunque te considere de mis mejores amigos,2016-08-30 22:37:14,es,P
770752206098272256,promeji,Digo yo que tengo mala memoria y mi vecino se ha tatuado el nombre de su mujer,2016-08-30 22:37:00,es,NEU
770737973759447040,elenaarnaiz,@enriccortinhas Mil gracias por compartir Enric! Feliz noche,2016-08-30 21:40:27,es,P
770737743999668225,Nyxtallica,@BrokenCr0ss_ Eres mi emo fav. Lo de emo es co√±a se que no lo eres. Quiero verte. Cantas muy bien maldito.,2016-08-30 21:39:32,es,P
770769659683545088,AllvRodriguez,@IleniaGarcia @LauraHerreraCb @Caro96lina @LaraRMartin HAHAHAHHA MMM NOS VAMOS EN 2 semanas y no tenemos ni hotel Pa la primera noche üòÇüòÇüòÇ,2016-08-30 23:46:21,es,N
770768269292822529,Casperiino,@YumaRuchi sigue mejor que mi pelorizo  FeelsBadMan,2016-08-30 23:40:50,es,N
770767938991353856,C3RVE,Limo sadboy de mierda la vida es maravillosa,2016-08-30 23:39:31,es,NEU
770734183169789952,promeji,"@marcasgz ufff ni te imaginas, y claro encima d√°ndome golpes en la cabeza por mi sentido del humor",2016-08-30 21:25:23,es,N
770733650501566464,bradpitto00,"Aqu√≠ ten√©is el segundo v√≠deo del d√≠a  14 d√≠as para tener PES 2017 y la demo de FIFA 17!! WUOUUOO 

https://t.co/8hh6Fu6kRB",2016-08-30 21:23:16,es,P
770771380975591424,AlaiaYeah,en verdad me duele la vida recordar este momento porque fue tan bonito,2016-08-30 23:53:12,es,N
770770970596483072,50centimosrise,"@CharlieSkelter ehhhhhhh ese no he sido yo, y lo digo muy en serio  hasta los cojones de que me roben mi puto identidad.",2016-08-30 23:51:34,es,N
770770961494863873,Pequepelirroja,Que mal rollo da dormir sola diariamente en casa,2016-08-30 23:51:32,es,N
770770776060559361,w0lfshade_,"Lo que ma el ser optimista que hay en mi (qUE LO HAY AUNQUE SEA MIN√öSCULO)
Lo que meno el hecho de no confiar  https://t.co/OafLkK91G2",2016-08-30 23:50:47,es,NEU
770637346450661376,runesonmyskin,Bueno ya tengo unos links guardados para el summer finale de pll  Espero que me funcionen hmm...,2016-08-30 15:00:35,es,P
770636899971108864,ImImperfectgirl,@Pedroner Pues deja de hacer en pervertido y de viciar y haz algo por tu vida,2016-08-30 14:58:49,es,N
770722093860327424,ivo_kk,"Dicen que Twitch va mal hoy, pero a√∫n as√≠ os pondr√© stream en 20 mins",2016-08-30 20:37:21,es,NEU
770704491117150208,mort,"@jjsaenzde A m√≠ me haces un favor, encantado  @srtagalicia",2016-08-30 19:27:24,es,P
770703890220212225,AntonioGarciaN2,@arturocaracuel @javifontalba @joaquinito71 @desmarquemalaga el.partido estaba pa Lugano,2016-08-30 19:25:01,es,NEU
770705925149696000,merceroura,@manueljorgegh @RLloria gracias  feliz noche a ambos!,2016-08-30 19:33:06,es,P
770705705523351553,NinioXplotao,"Necesito dos rodamientos, Marcos ma√±ana traemelos porfa",2016-08-30 19:32:13,es,NONE
770702799470489601,eferro,@lantoli podemos usar el t√©rmino.equipo pepino,2016-08-30 19:20:41,es,NEU
770702414852882432,reemplazable,@GermanDZ @jmbeas @CarlosTheSailor @penguinjournals Yo creo que el consumo cerebral es inversamente proporcional a su uso,2016-08-30 19:19:09,es,NEU
770701854661611520,AndresMachoXIII,"Tengo poco dinero y poco nivel (nivel 6 bitches). As√≠ que nada de historia, farmear y contratos a muerte",2016-08-30 19:16:55,es,N
770700832329302016,SimonPerera,@ranoeldelbar @HacheFilardi @Noel_PI Claro claro! Buscamos justo los otros,2016-08-30 19:12:52,es,NONE
770700614208786432,Judit33cervia,"@mividaaburrida @juanpabloraba por dios que guapo sale, que pena que en espa√±a supongo que no saldr√°",2016-08-30 19:12:00,es,NEU
770698967474696193,arrozconnori,"@Soukron si mi sal√≥n de 25m pasar√° a ser de 50‚Ä¶ igual si, pero para m√≠ caso ahora mismo, ideal",2016-08-30 19:05:27,es,P
770726042315161601,PalabraDeRuly,"¬°Eh @rccelta_oficial, #GuidettiNoSeVende! 

Pero entre nosotros... Si lo vend√©is, mandarlo para Valencia eh  #AmuntValencia #HalaCelta",2016-08-30 20:53:02,es,P
770725676798410752,sanchomichell,@ricki33_ me quedo con la t√≥nic ya sabes que soy un cl√°sico,2016-08-30 20:51:35,es,P
770725552944742401,alltheloveidols,"@whoscabello Es que es verdad, prefiero mil veces que estea sana que ir a verla al concierto y que se encuentre mal",2016-08-30 20:51:05,es,NEU
770639468650954752,complejisimus,"@LaQueSoySiempre @ealbaga Por desgracia vende m√°s  ,ri√±as,trifulcas,peleas,al cuello!! m√°talo!!",2016-08-30 15:09:01,es,N
770624050259451904,DavidOuchEPK,"@SoRaRaP eso ser√≠a m√°s propio de ellos, yo no me ensucio las manos con personas dependientes",2016-08-30 14:07:45,es,N
770644810118168576,complejisimus,"@LaQueSoySiempre Te comprendo,dominar y anular como haces t√∫ conmigo al HABLARME en voz ALTA,ok",2016-08-30 15:30:15,es,N
770641472580415488,JustEat_es,"@GemitaKbyos ¬°Enhorabuena! Eres la ganadora del sorteo,escr√≠benos por mensaje privado para darte el premio",2016-08-30 15:16:59,es,P
770641328283811840,JustEat_es,"@AitanaZD ¬°Enhorabuena! Eres la ganadora del sorteo,escr√≠benos por mensaje privado para darte el premio",2016-08-30 15:16:25,es,P
770678209381892097,SimonPerera,"@Noel_PI habr√°, pero no conozco y tb habr√° mucha etimolog√≠a popular falsa... El Wiktionary para mirar uno por uno va bastante bien",2016-08-30 17:42:58,es,NEU
770677317895094273,vanneontravel,"@xladyoflight claro que s√≠, Par√≠s merece mil visitas",2016-08-30 17:39:25,es,P
770654500306690048,ProyectoWaikiki,.@FestivalGigante vamos a estar desde primera hora viendo a @GoleYaika y @SonogramaGrupo pero son bienvenidas alternativas emergentes!,2016-08-30 16:08:45,es,P
770654319213436929,bieberft_auryn,@Safreeoficial y pfff...tambien la gente me caia genial..y me da muchisima pena,2016-08-30 16:08:02,es,N
770680542522183680,jmmacias7,La persona vale para algo. Otra cosa es que no te creas lo maravilloso y ese arte que puedes desplegar..fingelo hasta que se exprese.,2016-08-30 17:52:14,es,P
770680162115588096,AlainCuenca,"@pmklose Le conoc√≠ en 2011, me pareci√≥ inteligente, respetuoso y respetable, pero combativo, si...",2016-08-30 17:50:43,es,P
770687795396509696,GonzaloAscanio,@cartoblasto @mrobaina @uby77 no seas malo  se pide sobre PIB  d√©ficit 4% es 40.000 millones gastados + que ingresados jaja,2016-08-30 18:21:03,es,N
770687689020600321,AiryMadness,@AliceDesuDesu Legion>Novia? Lo bonito es Legi√≥n + novia en el pack  asi juegas con ella.,2016-08-30 18:20:38,es,P
770624610798858240,NataGarcia__,@RaulVCF__ ya y asi se va a quedar hasta que encuentre una de villa nueva en calidad,2016-08-30 14:09:59,es,N
770684236533796864,Kiiroi7,"Doght es amable,Doght es cari√±oso,todos quieren un Doght,disponibles,en ninguna parte",2016-08-30 18:06:55,es,NEU
770683204047175680,PepeAyalaSpain,@albertbru una especie de Titanic pero en versi√≥n cutre no?,2016-08-30 18:02:49,es,N
770689773040173056,freewithyou_,"15. No me gusta el t√©rmino  
16. Meh 
17. Depende de qu√©
18. No 
19 Un perrete prechiocho 
20. No
21. No
22. El a√±o pasado",2016-08-30 18:28:55,es,NONE
770689436459921408,manal20102,"@maaryamxd le doy a me gusta como fuera Rt ya que tu cuenta es privada,vale?",2016-08-30 18:27:35,es,NONE
770689209095098368,sonsolees,@xtrelok pero del practico ya? No me dijiste que hac√≠as pr√°cticas.,2016-08-30 18:26:40,es,N
770707842886164485,merceroura,@jimena9011 @JM_VelascoG muchas gracias! feliz noche a ambos,2016-08-30 19:40:43,es,P
770707710765588481,SimonPerera,"@SiMeLaTarareas @HacheFilardi @Noel_PI s√≠, los ep√≥nimos!  como ""rebeca"" tambi√©n",2016-08-30 19:40:11,es,NONE
770710633037824000,Gf7Noemi,"@magoangelESP mago dejaras el v√≠deo subido en youtube, es que ahora no lo puedo ver",2016-08-30 19:51:48,es,NEU
770682589455773696,mgalandejuana,@BorjaCastejon Ll√©vales bibliograf√≠a! La evidencia en educaci√≥n m√©dica existe,2016-08-30 18:00:22,es,N
770710821513158656,QuePutoZuenio,"Si pap√° vas a regalar mi piano, tranquilo que te dejo, no te preocupes",2016-08-30 19:52:33,es,P
770657940365778944,Synlencer,@ShiyuuTeikoku @__Frostmourne__ y ojo no les nombres el HSM que se ponen todo dignos,2016-08-30 16:22:25,es,N
770657834749034496,manal20102,Me retuitea gente que no conozco y sus amigos no tiene los mensajes abiertos y no s√© que haser,2016-08-30 16:22:00,es,N
770657192357789696,FranciscodPaula,@esther_trota Espero que te guste  Escocia es precioso!,2016-08-30 16:19:27,es,P
770720098789261312,benjami,@lonchbox @ipatri @Joan_Artes @martasimonet @malabache @YouTube el dulce de leche hizo mucho da√±o,2016-08-30 20:29:25,es,N
770719897940848640,Paloma_EB,@Aitorek @ArvenLoL yo ya en eso no me meto  sacar las cosas de contexto y llevarlas a tu terreno es algo diferente,2016-08-30 20:28:37,es,N
770718625875591176,vicentejuan,"@_rvng En Castalla (Alicante) muy oportunamente, a primeros de mes celebran sus fiestas de Moros i Cristians i todos est√°n de fiesta!",2016-08-30 20:23:34,es,P
770717939175723008,merceroura,"@MonicaRuedats gracias, M√≥nica! feliz noche, guapa",2016-08-30 20:20:50,es,P
770717151120465920,gekalt,Encantado @juanl_cruz  est√°s siempre bienvenido. Espero visitaros en M√°laga antes,2016-08-30 20:17:42,es,P
770754988939370496,Aurembiaix1969,@Maleski ¬øY a tu agente del CNI no le deseas buena noche? Pobre.,2016-08-30 22:48:03,es,N
770720434941820928,Neo54x,@AngryCharlio ostia... jugaba a uno de los primeros en la SNES en japon√©s!! Y lo jodido es que lo acab√©  Me encantaban estos juegos!,2016-08-30 20:30:45,es,P
770713182533025793,Alis_8496,@Pablogorrito @Yulian_Poe Vale me san confundio los oido  hac√≠a mucho que no escuchaba el cara al sol JAJAJA,2016-08-30 20:01:56,es,N
770712312693030912,Luvbrains,"@Suli22 ni siquiera llegu√© para ver las competiciones de R√≠o en directo, solo las barras asim√©tricas de Aliya",2016-08-30 19:58:29,es,N
770714136904863745,reemplazable,"@ialcazar @CarlosTheSailor @kinisoftware @tolivern Ah! No se, yo uso sickrage que no entiende de divisiones",2016-08-30 20:05:44,es,NONE
770715715003355136,Alis_8496,"@Pablogorrito @Pablo_VzP No sabe a mierda, est√° muy buena",2016-08-30 20:12:00,es,P
770715234642329600,arrozconnori,"@Tokpelotas @Carlbozal +1 y coincido, no imaginaba que el 4k se notar√≠a tanto a esas distancias. Pensando en pasar a Netflix UHD",2016-08-30 20:10:05,es,P
770711670809300993,marinajholland,@BornToBeJuan lo siento Juan ya sabes que soy hetero,2016-08-30 19:55:56,es,N
770711642971734016,cyhristian,@thorelvasco @PabloGenis yo no me tiro pedos soy un princeso,2016-08-30 19:55:49,es,NONE
770711406857555969,andreaiban,Mi m√≥vil no me deja abrir los grupos y tengo unos 600 mensajes as√≠ de regalo,2016-08-30 19:54:53,es,N
770656648834801668,FranciscodPaula,"@GinaSieben Pues s√≠, es precioso como bien puedes ver en el v√≠deo",2016-08-30 16:17:17,es,P
770667983236636672,1976andresg,"@mtscano veo ahora mismo m√°s f√°cil el s√≠ del PNV ma√±ana, ha dejado clarito lo que piensa del di√°logo aqu√≠",2016-08-30 17:02:20,es,NEU
770667505425780736,DMrcd,"@johnny21es Bueno, me piro a la piscina , que hace un d√≠a estupendo",2016-08-30 17:00:26,es,P
770670451899133956,pmklose,@aparachiqui @kikollan tu suma a una semana de verte abocado a elecciones,2016-08-30 17:12:08,es,NEU
770670356612939780,raulrsan,Isco con Juande no seria titular y lo sabeis... al mister le van mas los Tissones...,2016-08-30 17:11:46,es,N
770627505854226432,LeRenoBoy,"Esto de salir a en punto de casa, y que el bus tarde 10 min en llegar, y vaya muuuuuuy tranquilo no me gusta. Eh?",2016-08-30 14:21:29,es,N
770670090345938944,A_PEIRO82,@offerrall @DarksDiego997 se puede hacer directo desde la ps4 sin capturadora,2016-08-30 17:10:42,es,NONE
770669297488302080,elevenfemixunga,Me meo con las voces espa√±olas  encima pronuncian Raven como /raiven/ en vez de /reiven/.,2016-08-30 17:07:33,es,N
770673904335646720,SimonPerera,"@Noel_PI Y Noel significa Navide√±o, pedo tambi√©n lo asumimos. Pero alguien lo tuvo que poner por primera vez",2016-08-30 17:25:51,es,NONE
770693990895194112,DildoDeDragon,"tengo muchas ganas de mimitos, y sabia que pasaria y ahora pos 
a ser fuerte o algo",2016-08-30 18:45:40,es,N
770666914523774977,Spoiler_Chochal,"la verdadera eriichii me hubiera dado besitos
SO MARRANA",2016-08-30 16:58:05,es,N
770666893116145664,nacho_merinob,"@hectorboigues ay, pues gracias... 
Al menos t√∫ s√≠ lo ves como algo ingenioso... Ayer me dijeron que ten√≠a un insufrible sarcasmo √°cido",2016-08-30 16:58:00,es,NEU
770696022439890944,manal20102,@Nadieelosabe Vale vuelvo a preguntar. No sabia no que te siguiera,2016-08-30 18:53:45,es,NONE
770695708399796224,TonichanPiedra,@SEGAFORLIFE es la feria de mi tierra  Solo espero que sea un √©xito y ser un gran anfitri√≥n,2016-08-30 18:52:30,es,P
770629639295434752,amorenoalv,"@HCFanego @almoregan Gracias, t√∫ tambi√©n  Por cierto, vete rellenando la bodega, que el 17 estoy all√≠",2016-08-30 14:29:58,es,P
770628475229175808,JustEat_es,"@mercesori @clicfox ¬°Enhorabuena! Eres la ganadora del sorteo,escr√≠benos por mensaje privado para darte el descuento",2016-08-30 14:25:20,es,P
770758191365980160,RaulKCobain,"@Sara_Bouvier nada, yo por lo menos cuando compr√© la guitarra el√©ctrica me sali√≥ muy parecido a s√≠ la hubiese comprado en Thomann",2016-08-30 23:00:47,es,NEU
770757357513109504,AndresMachoXIII,"Un poquito de Ministerio del Tiempo y a dormir, que ma√±ana hay que hacer muchas cosas 
Bona nit",2016-08-30 22:57:28,es,P
770760066127495168,Xriz_yeni,"@SonrieXRIZ ya  Si alg√∫n d√≠a soy rica te llevo conmigo a verlo a donde sea, promesita üëâüëà",2016-08-30 23:08:14,es,P
770759439347544064,Paula__Vega12,"No, no. Ya no te quiero, me declaro soltera a partir de ahora, me has hecho da√±o  @carjudi6",2016-08-30 23:05:45,es,N
770784389953359873,masalladelmar,@imconnorstruck mi coraz√≥n dej√≥ de palpitar como una papa frita cuando empez√≥ el cap√≠tulo  #PLLSummerFinale,2016-08-31 00:44:53,es,NEU
770661853827592195,usefernandez,"Lo mejor de todo...la felicidad  
felices porque pronto veremos la boda de J&P‚Ä¶ https://t.co/RXtpPrcVe7",2016-08-30 16:37:58,es,P
770646758020026368,MigueelAngelR7,@forbaltihood De nada jo a veces solo hace falta esperar y tener paciencia,2016-08-30 15:37:59,es,P
770646332184944640,StayTrueorGTFO,@Haplo_Schaffer Lo mejor son sus amiguitos defendi√©ndole dici√©ndome a m√≠ que pase p√°gina cuando es √©l el que no me deja en paz,2016-08-30 15:36:18,es,N
770646101653393408,vxrnnxn,"@BubblesaurTV eso es lo peor de todo, de verdad, no se c√≥mo no les da verg√ºenza, me dan ganas de llorar",2016-08-30 15:35:23,es,N
770648383098908672,nastydxni,@CheeseLena_ emberd√° mis dibujos del paint son mejores,2016-08-30 15:44:27,es,N
770643261140656132,1976andresg,@plcido_vzquez @cultrun creo que duran m√°s que tantos amores eternos,2016-08-30 15:24:05,es,NEU
770665974752243712,nacho_merinob,"@hectorboigues a preguntas mediocres, respuestas ingeniosas...",2016-08-30 16:54:21,es,N
770665070993018881,Chavestoteles,"@lorzagirl oye, que mi madre se le cort√≥ la leche  y mirame, 1,85 XD, aunque algo enfermizo de peque√±o. Ahora, lo de la leche X...",2016-08-30 16:50:45,es,NEU
770622081922891776,Manuel180694,"Ya lleg√≥ Unidos Podemos, @Pablo_Iglesias_ y @AGarzon acaban de llegar juntos al @Congreso_Es",2016-08-30 13:59:56,es,NONE
770621786169958400,Ralbarn,@ArthasSama @Holic_meri es por no destrozar tus posibilidades con la gente guapa,2016-08-30 13:58:45,es,NEU
770650861160828928,FFantasyGames,@TheFlowerGirl90 a bueno le fuistes a decir.....  quevaaa yo tengo muy poca cosa tambien ^^,2016-08-30 15:54:17,es,N
770275229742628864,elevenfemixunga,@Crisnosesae @l30n4_ tio a mi sus libros me encantaban  pero es verdad que con el mensaje se ha pasado de clasista xd,2016-08-29 15:01:40,es,NEU
770275162415661061,abarbero,@javier_andres @txarly fui idiota y pude comprarlas hace d√≠as. Parezco nuevo.,2016-08-29 15:01:24,es,N
770275068949700608,biebnsky,me he ido a la ducha y se me ha olvidado coger la ropa  ahors tengo que salir a por ella y como haya alguien en mi ventana me ve desnuda,2016-08-29 15:01:02,es,NONE
770274624651325440,VOADxProjects,"@Shiroychi ¬°#Nunca! ^^
Lo hablaremos, lo hablaremos. ^^
Seguro que coincidimos en m√°s de una convenci√≥n.",2016-08-29 14:59:16,es,P
770274148492992512,merceroura,@LauraCarvajal @RLloria @arturovillegasg @perezreverte @BmDulce @scardige @Laura_Chica @drcesarlozano un abrazo  es mutuo!!,2016-08-29 14:57:22,es,P
770274050727931904,kikillovlogs,@KoiSamsa jajajaja yo creo que esa fue improvisto eh! muchas grasias hermosa!!,2016-08-29 14:56:59,es,P
770315388064239616,Funkiyo,"@LovNaty Tu vida ha parido a un grandisimo hijo de la gran p... , un maravilloso hombre!!.",2016-08-29 17:41:14,es,N
770315319881719808,nacho_merinob,"@Javiturpeiro eso dice mucho de √©l... as√≠ que nada, t√≥mate tu tiempo que cuando est√©s preparado, todo llegar√°",2016-08-29 17:40:58,es,NEU
770315307206471680,saragabeph,@ninivecardenas2 Te puedes creer que te iba a poner lo mismo  Te quiero mi Nini,2016-08-29 17:40:55,es,P
770291852914425857,Funkiyo,@Rakshasa21 Pues no disfrutar√°s de un Dulce suelo,2016-08-29 16:07:43,es,N
770291537481723904,Arukkard,"@ISanDesign @Hobby_Consolas jaja y por que lo peor, los juegos de Ubisoft no son tan malos, lo que si es un poco malo es ser solo de Sony",2016-08-29 16:06:28,es,N
770291372272259072,mtvspain,"¬°Ya hemos contactado con los ganadores de #YosoyMTVJammingVibe!
Atentos porque ma√±ana lanzamos nuevo #concurso  https://t.co/K0xoobBiM3",2016-08-29 16:05:49,es,NONE
770114408467095552,silviamatey,"Cuando no puedo dormir, escribo todo lo que preocupa en una libreta que alguien me regal√≥ y es como un somn√≠fero instant√°neo",2016-08-29 04:22:37,es,P
770142365927501824,elputosocio,"@StealThisHills omito el *con alguien*, pensaba que estaba claro",2016-08-29 06:13:43,es,N
770140633419964416,Cris_RoLan,@Otxu88 espero que fuera todo bien y ahora a por una gran semana,2016-08-29 06:06:50,es,P
770114952455712768,Tarekbamrani,"@CNNEE y si puedo trabajar en Madrid, Buenos Aires o Bogot√° yo ser√≠a tambi√©n muy feliz hihihihi",2016-08-29 04:24:47,es,P
770169656451731456,LuciaPapacarlos,"Al principio √©l no te gusta , pero te acaba gustando y cuando te deja lo extra√±as",2016-08-29 08:02:09,es,NEU
770156782299865088,GonzaloAscanio,"@tinoroso @titomartin67 @uby77 es un t√©rmino coloquial, no un an√°lisis",2016-08-29 07:11:00,es,NONE
770155606514728960,RiammiDiamond,me encantar√≠a mucho tener una buena c√°mara y saber como usarla a la perfecci√≥n,2016-08-29 07:06:20,es,P
770166170624360448,adinamita77,"@_mhiguera en cualquier caso gracias por tu ""welcome back"". Qu√© c√°lido ha sido",2016-08-29 07:48:18,es,P
770165342035410944,iuliandebarros,Han tenido buena iniciativa @AnabelCampo y encima son amigos,2016-08-29 07:45:01,es,P
770165126519525376,adinamita77,"@_mhiguera me ha dicho que es ""bienvenida de nuevo"". Pero ya me has hecho ir all√≠ y ya  t√∫ sabes que no suele haber nada bueno",2016-08-29 07:44:09,es,N
770164540118016000,EuBarrera3,"Ahora me daba yo un manguerazo a ver si se me quitaba esta cara de ""hola he dormido 2 horas""",2016-08-29 07:41:49,es,N
770163887836696576,kukuarria,"@JulenReal Anda que no nos hemos subido ah√≠ tu y yo en el paseo nuevo,  en fiestas de semana grande  ...",2016-08-29 07:39:14,es,P
770459663859146752,robbieXcessive,@henryancat tio es que esta el librillo recien comprao der chino y me toca la polla üòÇüòÇ vente pa casa te doy un piti,2016-08-30 03:14:32,es,N
770480174035075074,muguruzo94,Janowiiiiiiiicz ole tus cojones y ole tu set y tu over!!!! No me pago las fiestas pero si alg√∫n cubata!! Buenos diiiiias mundo!!,2016-08-30 04:36:02,es,P
770541228299526144,AdriDeMagala,@AlbbaBernet p√≥ntela y te das una vuelta por M√°laga porfa,2016-08-30 08:38:39,es,NONE
770540223751225344,sdnss__,"Me ha explotado un vaso en la mano, que forma tan bonita de empezar el d√≠a",2016-08-30 08:34:39,es,N
770539606387396608,WarnerMusicES,"@crypsicho Significa que nos ha resultado gracioso c√≥mo lo has dicho. Como ya comentamos, al final en 2016 es imposible traerlos",2016-08-30 08:32:12,es,N
770539347779158016,StayTrueorGTFO,"@insumisiones Es asqueroso esto. Amiguitos de mi ex diciendo que normal que me pegase porque ""tengo mucha mala leche."" 
Incre√≠ble.",2016-08-30 08:31:11,es,N
770565952303951874,kirsweg,alguien sabe donde puedo intercambiar photocards de exo? o-o,2016-08-30 10:16:54,es,NONE
770564742947696640,ClaraLuuque,"AHHH
Todo el mundo me manda audios y no puedo escuchar canciones tranquila",2016-08-30 10:12:05,es,N
770584408080474112,ctxt_es,"@Nine_Stories Somos peque√±os y modestos, no podemos abarcar mucho m√°s.",2016-08-30 11:30:14,es,N
770584357983621120,Flowerminx,"@GabanFK tengo las 3 ediciones originales, y bueno...no los aguanto, demasiado antiguos",2016-08-30 11:30:02,es,N
770582848885649408,albulapass_,@HijodeBilharzio Que bonita zona de entreno escogieron,2016-08-30 11:24:02,es,P
770582154040451072,arashyhatake,@FrigoAdri yo tengo que verlo tio  jaja pero se lo merece  ya hacia tiempo que lo se merecia,2016-08-30 11:21:16,es,NEU
770582014118559744,Flowerminx,@DanteDirewolf porque cuando ve√≠a a mi hermano jugar ten√≠a malas pulgaaas,2016-08-30 11:20:43,es,N
770581249975083008,DMrcd,"@CarlosLMiranda Buen art√≠culo Carlos , se va Lucas pero tampoco hay que dramatizar , casi me haces llorar",2016-08-30 11:17:41,es,P
770578350955978752,msanchezb_88,"Despues de todo sigues pendiente de mi y lo sabes, pero autoenga√±arse is moreee easyy",2016-08-30 11:06:10,es,N
770577933660454912,MariaYago,@UniversoMujer18 ya se acabo la hora jajaja estoy expectante a ver si me ha tocado el #cubreSelFem para llevarlo a todos lados puesto,2016-08-30 11:04:30,es,P
770577763967365120,Flowerminx,Alg√∫n alma caritativa me tiene que prestar el Pokemon,2016-08-30 11:03:50,es,NONE
770571007736287232,aladroqe,"@lithospheric Mejor. Cuando pagan la ESA y la NASA, al fin y al cabo pagamos todos  Que chulada!",2016-08-30 10:36:59,es,P
770570843382484992,Pedromonago,"@RASAMA_ yo puedo cambiar de opini√≥n, de cara es m√°s dif√≠cil, porque vale una pasta.",2016-08-30 10:36:20,es,N
770570765821480961,Alis_8496,@ivan11PG Aunque aqu√≠ precisamente ninguno de los dos pero da igual por qu√© me haces esto,2016-08-30 10:36:01,es,N
770569685834293248,ivethencalada17,"@BertoValen I'm back! Aunque est√© desaparecida en combate me alegro a lot de tu graduaci√≥n, Dr! Mucho √°nimo en el MIR! Un abrazo grande",2016-08-30 10:31:44,es,P
770575339466653696,CristianFdez28,"@FranCartagenaCT @BurnleyOfficial @ChelseaFC Bastante, bastante. Ganitas de verlo romper la Premier.",2016-08-30 10:54:12,es,P
770571712761069568,VI_Lelouch,"@Vic_Phantomhive Nah, que soy un pringao que lleva aguant√°ndole mucho y ya estoy cansado",2016-08-30 10:39:47,es,N
770590253937790976,Glamurosa79,@goetha  Ahora es Abel quien est√° resfriado  es lo ke tiene estar juntos todo el tiempo jajaja el curro bien?,2016-08-30 11:53:28,es,N
770590136828559360,YeOldeNemesis,"@daniacal a√∫n no, pero si estar√° jugable en el TGS no creo que tarde demasiado.",2016-08-30 11:53:00,es,P
770590083753906176,_CorLeonis,"Est√° puesta la pel√≠cula de ""C√≥mo entrenar a tu drag√≥n"" en el autob√∫s pero la pantalla est√° demasiado lejos y yo soy un topo.",2016-08-30 11:52:47,es,N
770561721157255168,DjBorja_Martin,"√öltimo dia en Elche, ahora toca Benidorm",2016-08-30 10:00:05,es,NEU
770576044856320000,Alis_8496,"@ivan11PG Aunque esto no es una lucha, estamos jodidos y punto",2016-08-30 10:57:00,es,N
770503792194453504,tonitmorro,De aqu√≠ a una semana har√° cuatro a√±os que vivo en Barcelona. Creo que por el momento no se me ha dado nada mal,2016-08-30 06:09:53,es,P
770603865968353281,couso_jose,@Maquinuelo @ivansilvamatias si para ti que le vaticina al club 2 o 3 a√±os no son malas palabras vale,2016-08-30 12:47:33,es,P
770603624028336129,ElFuns,"@nachobartolome de hecho, Nintendo Magic fue la principal fuente de informaci√≥n para mis especiales biogr√°ficos de Iwata",2016-08-30 12:46:35,es,NONE
770599961511596034,rudeirwin,tio pero cuando dawn dispara a beth y daryl la dispara a ella inmediatamente y se pone a llorar,2016-08-30 12:32:02,es,N
770599293711421440,MarisaArtistt,"@prettio_cgm bueno,  es algo..  Cuando encima no sabes porque te pasan las cosas todo es un poco peor  lo dicho, muchos √°nimos",2016-08-30 12:29:23,es,N
770594679255556100,rdeheras,"Ha ardido una caravana aparcada al lado de la playa  
Fuego ya sofocado por los bomberos @‚Ä¶ https://t.co/LgbW9ryGWy",2016-08-30 12:11:03,es,NONE
770593840533241856,the_heruman,"@Perguelofici Pero, en gral, de acuerd una opini√≥n muy interesante! Tendr√≠a q escribir tambi√©n una entrada en mi blog  @CarmenAgustin",2016-08-30 12:07:43,es,P
770619157935230976,Jezabelmidnight,"@MV3ga hay cosas del hilo con las que discrepo. Como me sigues hace poco, te aviso de que yo hago rt a lo interesante, coincida o no",2016-08-30 13:48:19,es,NONE
770618684876259328,ctxt_es,"@joseplluismunoz @Congreso_Es @WillyVeleta @gerardotc Est√° de camino, fri√©ndose bajo el sol sevillano",2016-08-30 13:46:26,es,NEU
770617338307579905,the_heruman,"@otonashi_saya Pero la verdad es que en general no voy mal de motivaci√≥n... casi al rev√©s, me sobra motivaci√≥n (y ego",2016-08-30 13:41:05,es,P
770617284587098112,vanneontravel,@ia_nav @Los40Trending @dcodefest @LEONBENAVENTETW ten por seguro que si queda libre cuento contigo,2016-08-30 13:40:52,es,P
770617213887746048,the_heruman,"@otonashi_saya Ja ja, imagino que cada uno de una forma distinta. Yo me compro gadgets o veo una peli (como Interstellar",2016-08-30 13:40:35,es,NONE
770616744192929792,IsuraDes,"Mi √∫ltima partida jugada, con Sona support.
La grandes razones para jugar Sona 

https://t.co/2rgmMeAFIs",2016-08-30 13:38:43,es,P
770616202993496065,Cristina98Al,"Me estoy cansando a dar rt a esto d ""rt o suspendes"" pa luego suspender fijo",2016-08-30 13:36:34,es,N
770605388290985984,LaPequeDeAM,Mi madre me deja ponerme rubia pero no el pelo morado,2016-08-30 12:53:36,es,NEU
770605337237975041,RuuthFC7,"Por una parte necesito la cena del s√°bado y volver a estar todos juntos, pero por otro lado pienso que nos vamos a separar y",2016-08-30 12:53:24,es,NEU
770604489753624576,Norambu_,He hecho el primer pur√© de verduras de mi vida y parece pota y sabe mal,2016-08-30 12:50:02,es,N
770431282157330432,Elwolfi10,Por qu√© tiene que ser mi pelo tan goals mojado y tan mierda despues,2016-08-30 01:21:46,es,N
770428638705684480,shawnsxgrier,@HunterRowland duchate rapido babe que tengo sue√±o,2016-08-30 01:11:15,es,NONE
770453393714348032,KristoOnly,Eso de echar de menos tu propia casa son leyendas urbanas,2016-08-30 02:49:38,es,NEU
770466250900340737,JuanjoAssassin,"Tengo ganas de bronca estoy aburrido, proximo tweet abro el cajon de mierda",2016-08-30 03:40:43,es,N
770468520736030720,JuanjoAssassin,Ea ya ma√±ana cuando me despierte empieza la fiesta y ya estare distraido para el largo viaje de Valencia a Cadiz,2016-08-30 03:49:44,es,P
770534479072993280,SuperActrices,"@lucyhale Las chicas fuertes y guapas han de luchar contra la oscuridad del mundo, que hay mucha.",2016-08-30 08:11:50,es,NEU
770532537269678084,GonzaloAscanio,@Carlos_GalindoL @FSanabriaLuis @Jluis_porta @cartoblasto @jjonline76 @uby77 las peque√±as diferencias que enfrentan las dos espa√±as,2016-08-30 08:04:07,es,NEU
770607143158444032,spaces_on,"@JorgeUfano ¬°Muchas gracias por la respuesta! Cualquier cosa, aqu√≠ estamos para lo que necesites  ¬°Saludos!",2016-08-30 13:00:34,es,P
770613924031033344,_CorLeonis,Estaba el autob√∫s Benidorm-Madrid al lado con las puertas abiertas y me ha tentado subirme y volver.,2016-08-30 13:27:31,es,N
770612988281618432,SarikaDelgado,@KMinorito Es que solo piensa que todas las canciones tristes que tienen (loser por ejemplo) son basadas en experiencia..,2016-08-30 13:23:48,es,N
770632417782661120,garciaemil,"@REANYMA @FernandoFabiani No, no, ¬°dijo que dejaban de surfear por la cornea! Que se quedaban quietecitas.",2016-08-30 14:41:00,es,NEU
770633904072032256,SantaMariaPoloC,"@AnaSJuarez @OfficialMauiJim ¬°Hola Ana! Te hemos contestado por mensaje privado, donde no hay limitaci√≥n de caracteres  ¬°Gracias!",2016-08-30 14:46:55,es,NONE
770633713822601216,Blansi93,"@Defconplay de hecho lo confirmo, los caminos y las casitas son las mismas",2016-08-30 14:46:09,es,NONE
770630118247165952,juangarciaramos,Si alg√∫n alma caritativa tiene mac y sabe como instalar excell de windows que me diga pls,2016-08-30 14:31:52,es,NONE
770450466220171264,ivo_kk,"@SylexVid @EnVy_HarryHook ?  a la derecha aparecen los personajes m√°s jugados en ranked, no lo que vamos a jugar",2016-08-30 02:38:00,es,NONE
770431992404082688,Marinagg95,Ya dec√≠a yo que lo bueno me iba a llegar tarde o temprano  espero no poder equivocarme,2016-08-30 01:24:35,es,P
770427312462450688,AranchaDomingue,"Voy a so√±ar con f√≥rmulas matem√°ticas, historia del mundo y la pasiva en ingl√©s 
*le explotar√° la cabesa*",2016-08-30 01:05:59,es,N
770509927207038976,iri_lr,"@XulioePunto Pues escap√≥.. Y no lo dimos encontrado, estuvimos al menos 5 personas buscando y nada",2016-08-30 06:34:16,es,N
770434744748236800,Habi_Nuki,@ragnomuelle Yo a veces hecho de menos mi pelo largo por eso mismo entre otras cosas,2016-08-30 01:35:31,es,N
770529111123066880,OrestesCA,@joanllenas es que son todo cosas que me molan  A lo mejor ya conoces speaking.io de Zack Holman tambi√©n,2016-08-30 07:50:30,es,P
769734680748888064,nachittt,"que cansado me tenes albacete... que cansado!!  

sino vuelvo a rosario en verano........... ojo.",2016-08-28 03:13:43,es,N
770781870636273664,stephernelia,He visto un documental sobre las pir√°mides los moais y predicciones y ahora me da cosita dormir sola,2016-08-31 00:34:53,es,N
770797203157716993,meryfm12,"La regla me esta destrzando el cuerpo
Quiero vomitar, me duele la tripa, la cabeza, tengo fiebre y estoy mareada y pf",2016-08-31 01:35:48,es,N
770777535579877376,redesparatorpes,"@zapejuana @Exojo @yeya_ade @rosipasmar @gartoro @nshradio Qu√© bonito... a m√≠ me tiene que pagar las horas extras tambi√©n, soy as√≠...",2016-08-31 00:17:39,es,P
770783076305821696,PabloClavito,"@SomeJaneDoe_ nazismo y fangirleo como t√∫ filosof√≠a de vida, doble moral  juju",2016-08-31 00:39:40,es,N
770874653896273920,vicampuzano,"@carlosgterol @MataTweet Si, ayer estuvimos reunidos en Moncloa, pero al final habr√° que repetir elecciones ... üòÇüòÇüòÇ Est√° que responde!",2016-08-31 06:43:34,es,NONE
770874166182604800,nchazarra,"@monzonete Cuando me borr√© Twitter, jeje, esta cuenta es nueva, aunque con el mismo nick",2016-08-31 06:41:38,es,NONE
770876718974439424,FIFAntastic_,"Ya es oficia nos quedamos sin Konoplyanka en @LaLiga 

Eso s√≠, ser√° una alternativa barata a Reus en la Bundes https://t.co/mvOqHl4p53",2016-08-31 06:51:46,es,N
770941045643341824,tukoberenguer,"Con ganas ya de que llegue septiembre 
Y comenzamos ma√±ana nueva temporada en @DelecturaOblig. 
#adiosagosto",2016-08-31 11:07:23,es,P
770940498710257666,FranciscodPaula,"@_lauu_20 Gracias por lo de ""√≠dolo""  Aunque solo soy una persona normal y corriente que escribe libros",2016-08-31 11:05:12,es,P
770948309347364864,StayTrueorGTFO,@Rokkowen TODOS SIEMPRE tienen carita de super buenos y adorables pero luego la l√≠an,2016-08-31 11:36:15,es,N
770947417130885120,paauliiitaa17,@Sr_Zeta hola vengo de intagram  en verdad ya te seguia pero hola igualmenteüôÑ‚ù§Ô∏è,2016-08-31 11:32:42,es,P
770947177657008129,CaptainKimChen,"Llevo toda la ma√±ana haciendo cosas y no he podido ver ni moon lovers, ni signal, ni nada",2016-08-31 11:31:45,es,N
770944329540075520,arantxaestevez,"""No tenemos la sensaci√≥n de ir a un trabajo"", din os @PIXIES 
Eu na ofi lendo o @rockdelux, tampouco a te√±o  https://t.co/MEG8DZVVTn",2016-08-31 11:20:26,es,P
770943120179691520,respetocanas,"@VicentIvars @JJCuerda @eljueves pero hombre, eso ya lo hab√≠a le√≠do  La pregunta es... ¬øCu√°l pretende ser el titular completo?",2016-08-31 11:15:37,es,NONE
770942611997724672,zipiwi,Las horas que son y sigo sin ser capaz de ponerme a estudiar....el sue√±o puede conmigo,2016-08-31 11:13:36,es,N
770915801654329344,LuisMazuecos,"Voy a sentar a mi sobrina en el m√©dico y me dicen uno s√∫per mal ""est√° ocupado"" y le digo yo, pues se desocupa para la ni√±a",2016-08-31 09:27:04,es,N
770915744980795392,Tyranitar_3,"@BenitoVGC el Sabueso es muy malo, el le√±ador mola 

Quiero minero y mago de hielo",2016-08-31 09:26:51,es,NEU
770958769949999104,HarryWuHe,"HIJOS DE PUTA, dejad de darle rt a los otros y preguntadle a alguien por mi que no se a cuantos le he dao rt y solo ha respondido 1",2016-08-31 12:17:49,es,N
770958035648913408,LuisLorenzoT,"@tonyoaguiar @albertopedroche Anda castr√≥n, com√≠ aquel troc√≠n peque√±o que me cortaste",2016-08-31 12:14:54,es,N
770787189319925760,lmaneel,A m√≠ nunca me podr√°n hacer una broma porque no cojo llamadas y menos cuando son ocultas,2016-08-31 00:56:01,es,NONE
770795402534715392,Susanameis28,@anaamontull_ @IreneCarro_8 @MariloGarciaa6 con una peque√±a donaci√≥n har√° felices a miles de chicas que no tienen  #asociacionmariloli,2016-08-31 01:28:39,es,P
770910217999712256,Anamasanro,@CatedraRSC_UAH Muchas gracias!! Feliz por haber formado parte de esta edici√≥n del Master!,2016-08-31 09:04:53,es,P
770909472785039360,ROOTSLOUIS,me cago en mi puta vida y en el puto vecino por hacer tanto ruido de buena ma√±ana,2016-08-31 09:01:55,es,N
770926989591056385,LoidaZabala,"@manuelortegama4 se llama Wolf, es la mascota #SeSalen en apoyo a los deportistas paral√≠mpicos 
M√°s inf https://t.co/KQl89uDr3h üòÉ",2016-08-31 10:11:32,es,NONE
770929359611891712,nachusgalaicus,@Realba74 @InterSerEd genial Rebeca !! Este era mi deseo al escribirlo. Seguir√© escribiendo en esta linea pr√°ctica,2016-08-31 10:20:57,es,P
770949040804691968,TaludEria,"#HistoriasAlegresEn4Palabras ""hoy trabajo en compa√±√≠a"" y es que en @TaludEria se trabaja rodeado de gente muy maja  #Coworking #Oviedo",2016-08-31 11:39:09,es,P
770933976349417472,Dani_JCE,@Aitt7 calla que yo estoy ahora en mi d√≠a libre y las horas se pasan m√°s r√°pido que poniendo copas en el bar,2016-08-31 10:39:17,es,N
770937557823721472,SuperActrices,"@CsCValenciana @Albert_Rivera Como mejor luchar contra la crisis, unidos o siempre enfrentados.  Lo tengo claro.",2016-08-31 10:53:31,es,NEU
770888205822484480,jcenrique,As√≠ leyendo entre l√≠neas y el discurso de @sanchezcastejon igual vota que no a Rajoy. #InvestiduraOndaCero,2016-08-31 07:37:25,es,NONE
770887977769766912,felipealatrist1,"@policia. ""Precauci√≥n amigo conductor que la senda es peligrosa...."".
Lo importante es llegar.",2016-08-31 07:36:30,es,NONE
770884213214248960,DominosPizza_ES,"@Julio_C_19 Hola Julio, para que las pizzas lleguen en las mejores condiciones, marcamos la pizza, no la cortamos",2016-08-31 07:21:33,es,NONE
770905076315586560,juanjofer55,Ayer fue un d√≠a de emociones muy encontrada se acerca septiembre por un lado y por el otro una personita que siempre me hace sonre√≠r,2016-08-31 08:44:27,es,NEU
770902925736566784,lolita_pasion,"No silencio lo que calla. Es la vida suspendida hasta que brotan las ganas de bailarla. 

#creatividad https://t.co/VXMZt8AVyJ",2016-08-31 08:35:54,es,NONE
770877882222673920,xladyoflight,Qu√© bonito es ser mujer  y que te joda los planes que tenias  y que te despierte el dolor de ovarios  üò°üò°üò°üò°,2016-08-31 06:56:23,es,N
770921497439375361,cagaburon,"@tooruskywalker no hab√≠a casi nadie hablando del tema  (y tampoco puedo encontrar el v√≠deo, sad)",2016-08-31 09:49:42,es,N
769849378664288257,Ximnart,"@ItsMeCar0l ¬°Hooola, buenas! Soy el que ten√≠a los ojos rojos en la fiesta de Elle  ¬°Te sigo !",2016-08-28 10:49:29,es,NONE
769848646867222528,Rafuki21,"@Rafuki21 178. Sabes que me caes muy muy bien, y que en un futuro te dar√© un poco el co√±azo con dudas de Dise√±o Gr√°fico",2016-08-28 10:46:35,es,P
769813079597121536,nuriamolines,"@Swareles, ¬°muchas gracias, Carla! De momento han ca√≠do tres, as√≠ que no empieza mal el d√≠a",2016-08-28 08:25:15,es,P
769808917518049280,padelworldpress,"¬°¬°Muchas felicidades en el d√≠a de su cumplea√±os a un buen amigo como @sagastiker!! A pasarlo en grande, compa√±ero",2016-08-28 08:08:42,es,P
769645693090889728,cesarpg99,Hola estoy que reviento por haberme comido un box de kebab ayudadme a morir gracias,2016-08-27 21:20:07,es,N
769766061126344704,unadepocas,"Despu√©s de casi un mes entero sin √©l... puff, espero no echar temporadas tan largas sin verlo",2016-08-28 05:18:25,es,N
769581132543393792,Luciiichi,¬øNo os pasa que en ferias pod√©is ver a una persona como unas 29 veces y justo a quien quieres ver no le/la ves ni una jodida vez?,2016-08-27 17:03:34,es,N
769580324145754113,G0kuB,"Tambien subire el changelog a lo largo de estos dias, estaros preparados porque viene todo de golpe!",2016-08-27 17:00:22,es,NONE
769606898899382272,hugomoransuarez,"@FutbolModestoEs Que guap√≠simo , dejaron mendizorroza, pero San mames ... de los + guapos del MUNDO¬°¬° sin duda.(opini√≥n)",2016-08-27 18:45:57,es,P
769633726254972928,Martuskiya,BABY @BlasAuryn #FollowSpree. y la suerte de la semana pasada???  esto ser√≠a demasiado grande para mi.,2016-08-27 20:32:34,es,N
769633700757770240,JMRojasRecio,"@sport JA JA JA JA JA  Teneis el ojino como la bandera de Jap√≥n ,hijos de la gran puta",2016-08-27 20:32:28,es,N
769628218341072897,arrozconnori,"@Tokpelotas estos √∫ltimos d√≠as han sido una detr√°s de otra. Ahora mismo nos vamos a La Fe a que miren a Pau, otra vez bronquitis",2016-08-27 20:10:40,es,N
769653702554681345,AndresMachoXIII,"Creo que pocas veces he estado tan enfadado como esta ma√±ana, pero bueno, entre Uncharted 4 y el ejercicio me han animado",2016-08-27 21:51:56,es,NEU
769869979646828544,AiryMadness,Echo de menos a Lexa  mis bragas ya no vuelan tanto como antes. Ya no me hace falta limpiarlas cada 5 minutos,2016-08-28 12:11:21,es,N
769868859406950401,sofiablackshop,@AraMalikian Lo hemos pasado en grande con las 4 estaciones. Una aut√©ntica gozada para toda la familia,2016-08-28 12:06:54,es,P
769961235186155521,GorritiDonosti,Plan perfecto para terminar el fin de semana. @AthleticClub - @FCBarcelona_es. Despu√©s @VillarrealCF - @SevillaFC,2016-08-28 18:13:58,es,P
769960084306792449,RCohello,"Utop√≠ audiencia estable, media de m√°s de 8'5 en Imdb etc... Pero fue cancelada. No se puede tirar tanto de la manta farmac√©utica",2016-08-28 18:09:23,es,N
769965167190937600,freepantoja,mi vida es una mierda primero me enamoro de un macedonio en ibiza y ahora del timbales de la panorama,2016-08-28 18:29:35,es,N
769959690092642304,AntonioGarciaN2,Tranquilos que con el.dinero de Camacho seguro ma√±ana empiezan las escabadoras en el Arraijanal,2016-08-28 18:07:49,es,P
769966461045571584,GorritiDonosti,@Hectorfernandez @Alaves Pellegrino ha dotado al equipo una gran consistencia defensiva. Y buenos fichajes,2016-08-28 18:34:44,es,P
769965623615037479,ArvenLoL,"@pichyniboss te queda bien tio!
Espero que esteis todos pasando un buen verano",2016-08-28 18:31:24,es,P
769628633543667712,Wonkorota,@PITjjjimenez_PK Denada  porcierto hazme un hueco en tu agenda de combates quiero ver lo que es capaz tu monotype contra el mio,2016-08-27 20:12:19,es,P
769664297140125696,kirsweg,Esta semana ha sido tan chachiosa que ya puedo decir que el verano se ha acabado de una manera decente  y lloro,2016-08-27 22:34:02,es,NEU
769642483869446144,Cristi_latin,"@FrayJosepho @Hienosdeorgullo @Capt_E_Navarre M√°s bien imposible. A no ser q se convierta al Islam, claro",2016-08-27 21:07:22,es,NEU
769640318920720384,Minikiwii,Apenas me he muerto de miedo pasando por la plaza donde se hace la hoguera de San Juan toda oscura.,2016-08-27 20:58:45,es,N
769904504531722240,ToniTovarB,"@pocho_f1 pero McLaren parece q mejora, 1,5s mas r√°pido que el a√±o pasado en Qualy, y mantuvo a raya a los williams en Spa!",2016-08-28 14:28:32,es,P
769829491246071808,RockNTalk1,"Como dice @quique_gonzalez , se escapa otro verano en un furg√≥n blindado  

@salaBBK #Bilbao #QuiqueGonz√°lez

https://t.co/WeaevYCT2L",2016-08-28 09:30:28,es,N
769826140693401600,Iaben5,"No he ganado ni ganar√© nada del concurso 
Me lo esperaba,soy gafe y al fin y al cabo la suerte no esta NUNCA de mi parte. #prayforiaben",2016-08-28 09:17:09,es,N
769903787184164864,TheFuryoStyle,En verd√° llevo sin jugar al pokemon go desde que volv√≠ de Galicia porque ver que en Madrid no me sale nada guay me deprime y mucho,2016-08-28 14:25:41,es,N
769902370755084289,AmbrxsiaXV,Mi padre le ha dado un manotazo a mi m√≥vil y gracias a Dios que lo que se ha roto ha sido el cristal templado,2016-08-28 14:20:03,es,N
769908335315484672,bloodOfDragon_,"Quiero el pelo negro azulado y no s√© c√≥mo conseguirlo  los tintes de ese color que me he echado, no han hecho nada.",2016-08-28 14:43:46,es,N
769906825756106752,andreaporcell,"@Serjo77_ ya pero que estoy diciendo que el feminismo no es lo contrario de machismo es el hembrismo q como tu dices, no existe",2016-08-28 14:37:46,es,NONE
769880968807190528,aladroqe,"@ithaisa_sm @SuperScienceMe La verdad es que si, muy bonito  Me alegro que te haya gustado ! Y que hayas aprovechado el paseo virtual jeje",2016-08-28 12:55:01,es,P
769620100475449344,Sergi4869,@Nuchiky est√° en textos en ingl√©s y voces en japon√©s. Que desilusi√≥n me he llevado al poner el juego  habr√° que acostumbrarse üòï,2016-08-27 19:38:25,es,N
769599335092944896,SirWhitesides_,¬ølo m√°s gracioso? que si no defiendes/apoyas/eres activista del feminismo pues ya eres un machista opresor,2016-08-27 18:15:54,es,N
769598638007939072,aladroqe,@saez_cristina @muyinteresante @Fairphone Genial ! Est√° genial que la gente conozca un poco m√°s estas alternativas,2016-08-27 18:13:08,es,P
769598400572624896,SuperActrices,@ciberchenet Porque nunca nos toca un arbitro bueno? Hay alguno que sea bueno para el Valencia?,2016-08-27 18:12:11,es,N
769623178666733568,verii_180,"Nunca he tenido esta sensacion, ¬øme la har√≠as sentir? Es muy importante para m√≠ Blas @BlasAuryn  #followspree",2016-08-27 19:50:39,es,NEU
769580253459148800,rocioglezb99,@Idolsftdjom @_jesus_OM @DanieloviedoM obviamente tia JAJAJAJAJA q soy la mayor  osqqqqq pero venir ya ofu,2016-08-27 17:00:05,es,NONE
769875908933120000,DanielRSanchez_,"@borjald Ahora, la alternativa es incoherente e igual de inviable a d√≠a de hoy. En eso creo que estamos de acuerdo",2016-08-28 12:34:54,es,N
769873590942633986,MaiteVarasOrtiz,"@SergioRevolS Pero este verano tampoco ha llegado a hacer calor, sobre todo si lo comparamos con el pasado",2016-08-28 12:25:42,es,P
769917463400153093,Sir_Cuncidado,@mariamira67 que nos regales con capturas de imagen de tus actividades ya no es sorpresa. Lo sorprendente es que tienes inivitado!,2016-08-28 15:20:02,es,P
769831009613479936,VICIOATOMICO,"@Avenghelyne un bq Aquaris m5.5 de hace un mes exacto y ya fallan cosas 

Busco uno que sea fluido y no me de problemas y buena garantia",2016-08-28 09:36:30,es,N
769818969796739072,merceroura,"@eloycanovas jajaja! genial, te deseo lo mismo  los d√≠as se construyen, verdad?",2016-08-28 08:48:39,es,P
769816336306429953,ItsBorguing,@leeahistheway ya... ha sido muy grotesco por mi parte poner una foto de Ojeda a las 10:30. Perdona,2016-08-28 08:38:11,es,N
772545702874476545,dilleu,"@sdelgadoaros ..por cierto, en USA obligan a parir a una ni√±a de 12 a√±os, embarazada a caua de una violaci√≥n..? (Es para unas amigas)",2016-09-04 21:23:43,es,N
772544493614690304,ChequioProGamer,Y los directos deber√≠an ser totalmente estables (ya que en Madrid sol√≠an darme problemas) Se vienen cosas chulas,2016-09-04 21:18:55,es,P
772542207828062208,obsesionyoutube,odio la ubicaci√≥n de tw porque yo la quiero dejar puesta pero cada vez que tuiteo me sale el nombre de mi pueblo y no quiero eso,2016-09-04 21:09:50,es,N
772539643720007680,DannyDME,Hola @TonyAguilarOfi nos gustar√≠a escuchar #UnMinutoSinDolor nuevo single promocional de @DulceMaria en #40GlobalShow51 @40GlobalShow,2016-09-04 20:59:38,es,P
772551954425872384,migguis,"@JuditRT home pues todos. L y M me tengo que levantar prontisimo para solo una hora y luego X, J y V tengo muchas horas  y clase todos los",2016-09-04 21:48:33,es,N
771440336572915712,jordicastalla,@Pudimos_ @iunida brutal! Como se parece a las manis separatistas en Catalunya!! Espero que todos consigan la anhelada libertad,2016-09-01 20:11:23,es,P
772425237879222272,calonsonet,"@jcrlaguera @sinfaltas_com @delcastellano s√≠, es usual en Pa√≠s Vasco y zonas lim√≠trofes, pero no me cab√≠a lo √∫ltimo en el tuit",2016-09-04 13:25:02,es,NONE
772500343477403652,pvil,"@jrfern @xarxatic IA no lleg√≥ a ser social. Fue un espacio social de dinamizaci√≥n, muy √∫til, pero con fecha de caducidad. Y abrumador.",2016-09-04 18:23:28,es,N
772506066219335680,nati_cornide,@oskiblasco te juro que cuando el que gan√≥ el pantin classic tiro la gorra y yo salte a por ella me calleron 2 encima y me aplastaron  JAJ,2016-09-04 18:46:13,es,N
772478723996184577,ElenaG7777,@pacoleonbarrios Aun hace calor pero las piscinas ya est√°n cerradas y el mar pilla lejos  El Corte ingl√©s no ha dicho a√∫n que se acaba...,2016-09-04 16:57:34,es,N
772043224714190849,gaab75,".@enricaar @aurearamon @Congreso_Es @Esquerra_ERC @gabrielrufian El sigu escuela y administraci√≥n triling√ºe.  ¬øLe parece?  ""#somescola""",2016-09-03 12:07:03,es,NONE
772080944140394496,SofiaBonham,La envidia que le tengo a los que est√°n conociendo a Jenko y Danielle ahora mismo no es normal. Es que ya aunque coja un avi√≥n no llego.,2016-09-03 14:36:56,es,N
772375984301568000,estherBA247,Me alegro mucho por vosotros! Sois una familia ideal  @mola_viajar aqui v si es ni√±o Erik y si es ni√±a Esther jaja üíó,2016-09-04 10:09:19,es,P
772521623551348736,SloppyBel,@V966Cobano Ojal√° personaje! Pero tengo examen el 12  De todas formas hablamos para la semana siguiente que ya se lo he dicho a Fernando!,2016-09-04 19:48:02,es,N
772508906828562432,FlyXena,#astroymas lo necesito. Se me acaba de romper   snifff snifff  gran podcast!!! saludos desde A Coru√±a (Espa√±a),2016-09-04 18:57:30,es,N
772448468560441344,WoloHD,"Bueno, pues vamos a recuperar el tiempo perdido. Empezare por descargarme el Manchester City - West Ham, a ver que tal",2016-09-04 14:57:20,es,P
772487315042209792,SoyCibelino,@Se_Wilk @CiutadansCs @PrensaCs @mrhciudadanos @AlfonsoRojoPD Gran capacidad de an√°lisis de @InesArrimadas en esa entrevista. #visi√≥n,2016-09-04 17:31:42,es,P
772462960698650625,jmmacias7,"#feliz domingo.. que todos encontremos la gloria bendita, el ocio, la magia, los besos compartidos de amor, el duende..",2016-09-04 15:54:56,es,P
771432130886901760,santicorriendo,@llillitto @CarreraCSIC @TrofeoJose_Cano @correporsiria @mediodemadrid @MitinAtletismo @nortevssur1 gracias  me lo paso genial haci√©ndolo!,2016-09-01 19:38:47,es,P
771386037214048256,SarikaDelgado,"@astrongergirl "" En alg√∫n momento empec√© a mirar m√°s al suelo que al cielo "" "" Estoy harto de llorar, as√≠ que intento sonre√≠r """,2016-09-01 16:35:37,es,N
771352799607160833,Adrianix_10,@AccidentesTV Tengo entendido que en ese v√≠deo los que salen son trampeadores que se dedican a atrapar y luego liberar lobos sin muerte,2016-09-01 14:23:33,es,NONE
771399989176205313,fani8_8,Ahora que empiezan las jornadas de toros en esta ciudad me pongo un poco m√°s triste al ver que seguimos sin evolucionar en muchas cosas,2016-09-01 17:31:03,es,N
771377812053819392,Pat_Shuder,Que dificil es retomar los estudios despues de dos meses sin tocar un libro.. #pereza #ganascero #septiembre=examen,2016-09-01 16:02:56,es,N
771457906516566016,BrockmansGin_es,"@ClaudioSensasao @MsRose_84 @geraldine_balme ¬°Cada vez sois m√°s! Las risas est√°n aseguradas entonces. Ma√±ana preguntamos, dadlo por hecho",2016-09-01 21:21:12,es,P
771456610552123392,ratoncito2015,"@Oviedo_crt digamos que soy lo bastante mayor para q si se pone tonta,ponerla en mis rodillas y darle unos azotes en el culete",2016-09-01 21:16:03,es,N
771471322283175937,josefelipem,"@gregollaniz @juliorj10 Hablaba normal, con alguien, antes de q usted se metiera insultando. Deber√≠a tener m√°s educaci√≥n",2016-09-01 22:14:31,es,N
771477031288729604,JumperHarry,"@escardi muchas felicidades en el d√≠a de tu cumplea√±os sensual, espero que te lo pases genial y recibas muchos regalos suculentos",2016-09-01 22:37:12,es,P
771339035445002240,jmmacias7,#feliz septiembre..es bonito retarse..es increible lo mucho que puedes aprender.. medirse con el obst√°culo..eres la joyita de la corona,2016-09-01 13:28:51,es,P
771338661933834240,vicentejuan,"@juanlebrijo Esa posibilidad est√° contemplada y, si hiciera falta, x el bien de Espa√±a y por responsabilidad volver√≠a a hacerse sin dudar",2016-09-01 13:27:22,es,NEU
771337490317840384,nesain,No puedo evitar ir a beber una lata de refresco y acordarme de @LourdesBiurrun family y terminar sirvi√©ndome en vaso...,2016-09-01 13:22:43,es,NEU
771337139976015873,rebecasaray,@MadnessOctopus ya... hay gente que es capaz de hacer eso. Yo si me coraz√≥n me pide poner cara de seta. No soy capaz de sonreir,2016-09-01 13:21:19,es,N
771335742480084992,Luvbrains,"@Moguei @Begomix no tiene bastante con tener DOS puntos de salud, adem√°s est√° enamorad√≠sima de la princesa y la princesa de la mala",2016-09-01 13:15:46,es,N
771361293861289985,TheDayILetGo,"@Dekainfame s√≠, he le√≠do eso, pero luego he le√≠do OTO√ëO, NOVIEMBRE, DICIEMBRE y me ha dado baj√≥n 
Adem√°s no tengo ni ds ni juego",2016-09-01 14:57:18,es,N
771296174066245632,vicentejuan,@JosMan_GoGi El efecto a largo plazo es la desafecci√≥n mayoritaria entre la izquierda  El votante se cansa y se queda en casa.,2016-09-01 10:38:32,es,N
771304215746445312,manal20102,@Sara_benben pero el caso es que en Humanidades hay lat√≠n y griego y yo en mi vida he dado latin y griego as√≠ que me iria fatal en ellas,2016-09-01 11:10:29,es,N
771308689810534402,Catisanroman,"URGENTE!!! VENTA MY NAME TIKETS!!!
Tengo dos tickets ULTIMATE VIP pero no podemos ir  los vendo m√°s baratos, contactad conmigo!!!",2016-09-01 11:28:16,es,NONE
771302640252747777,ganchetto,"@CucoRguez Ya, estoy jugando al rat√≥n y al gato. No solo voy, me quedo a dormir ma√±ana en vuestro hotel. Quedamos fijo.",2016-09-01 11:04:14,es,P
771720387751211008,TheOriol3333,"@Alvaro845 @progames045  tienes toda la razon alvaro! Soy un gran fan tuyo tu me ense√±aste casi todo de clash of clans, eres el mejor!!!",2016-09-02 14:44:12,es,P
771783543575937024,Patry_92_Sax,@DBeletujo ajajajaja yo en Benidorm vi a dos mujeres con carritos de beb√© y los perros dentro y cuando las vimos nos quedamos flipados,2016-09-02 18:55:10,es,N
771791555493498880,SuperActrices,@SophiaBush Pero me gusta la Idea.  Ver chicas fuertes luchando al estilo Dragon Ball Z y en versi√≥n real.,2016-09-02 19:27:00,es,P
771493603759812608,lavadorx,"@timetransfixed_ te juro que no me acuerdo solo s√© que alba hizo el v√≠deo inmit√°ndole, no recuerdo absolutamente nada del original",2016-09-01 23:43:03,es,N
771468748607881216,ParanoidNeva,"@bigotingos 

Ilustres, Jose.

Qu√© f√°cil salen los insultos viendo c√≥mo hemos empezado Burgos y Murcia",2016-09-01 22:04:17,es,N
771608605757890560,dafranganillo,Han talado el abedul gigante que hab√≠a en la esquina de R√≠os Rosas con Castellana  ¬øAlguien sabe porqu√©? #Madrid,2016-09-02 07:20:02,es,N
771615244720365568,CiudadanoMalaka,"Demasiadas cosas raras en poco tiempo! Anda y que les follen
0 complicaciones
0 historias 
 Me voy a la playa y viva Espa√±a!",2016-09-02 07:46:24,es,N
771807457567965184,gdetorres,"Acabo de comprobar en Linkedin  si eras mi antiguo alumno, tengo un gran recuerdo @alexldguevara  Te deseo lo mejor @vlcextra",2016-09-02 20:30:12,es,P
771695148568813569,jaimecores,"@Pedro_GarMu uy qu√© bien me vendr√≠a para colocar la WiFi, el port√°til, las flautas, el saxo, el nariclete, las partituras y mi desorden",2016-09-02 13:03:55,es,P
771694556005924864,merceroura,@Comunikaa2 me alegro mucho!! es importante darnos cuenta del gran valor que podemos aportar y encontrar nuestra misi√≥n,2016-09-02 13:01:34,es,P
771861553067032577,AndresMachoXIII,"Yo estaba cansadete, pero de repente me habla a un amigo para jugar un ratejo a la Beta de Battlefield 1, y qui√©n le dice que no al chico",2016-09-03 00:05:09,es,P
771835991892131840,caval100,Es decente tener un Gobierno democr√°tico que cumpla su funci√≥n politica. NO lo es tener un Gobierno que representa la #corruPPci√≥n,2016-09-02 22:23:35,es,N
771838834975838208,GammaTeruo,"@TichKhan_ d los cines donde la hacen este finde,el+accesible es el icaria,q ha bajado precios(no me pagan xD),o las matinales de DiagMar",2016-09-02 22:34:52,es,P
771874957882171392,ASESINATOREROS,"nos subtitulos de Bojack horseman tan hablando de El Pais, El Mundo, El Mundo Today y Alaska y Mario y ye terrible",2016-09-03 00:58:25,es,N
771846863754555392,pmklose,@juanarza @JuanCladeRamon lo he intentado. Espero q en los pr√≥ximos d√≠as veamos una ilustraci√≥n pr√°ctica q ayude a clarificarlo,2016-09-02 23:06:47,es,N
772771364696649728,lucasfh1976,"@BiciMAD Bien, ahora solo falta que pong√°is una estaci√≥n en #PuenteDeVallecas para poder ir en bici hasta mi casa",2016-09-05 12:20:25,es,P
772838570860118016,Reap_Jacker,"@RinAnllel Uno aprende que el mejor momento de crear bonitos recuerdos es el presente, el pasado ya fue, te toca elegir lo que va a ser",2016-09-05 16:47:28,es,P
772872089489539072,PatriJBDL,"@pasapalabraT5 @RaquelBielsa @_fraanb_ Gracias, lo √∫nico que me hace feliz es escuchar m√∫sica, adivinar y ganar",2016-09-05 19:00:40,es,P
772868083891466241,carlitcat,"@Anina97 Pues a mi me pas√≥ una experiencia paranormal all√≠ de noche y no he vuelto, pas√© much√≠simo miedo",2016-09-05 18:44:45,es,N
772856297314222080,WoloHD,Esta decidido. ¬°Habr√° Modo Carrera en el canal en FIFA 17! Si este tweet llega a los 30 likes desvelar√© el equipo con el que se har√°,2016-09-05 17:57:54,es,NONE
772818960173719552,XemariMV,"@MoratoX_ genial, pero ten cuidado est√° muy vigilado, este est√° hecho con uno casi de juguete, Syma X5c, casi no entra√±a riesgo",2016-09-05 15:29:33,es,NEU
772816974388887553,Paynoishottie,"Tengo dos horas seguidas de lat√≠n y griego.

Dos horas seguidas con la misma profesora.

Menos mal que me cae bien.

Pero son DOS horas.",2016-09-05 15:21:39,es,NEU
772813954955481088,KruzioBaal48,"@YJaretir al cine no es rom√°ntico, vale. Yo de regalar algo soy m√°s de dildos, lubricantes, o comida, algo de buen uso y luego doy masaje",2016-09-05 15:09:39,es,N
772796443623129095,XemariMV,@DesireeDelgado yo llevo medio verano debajo de la dichosa m√°quina... menudo verano largo este a√±o de sofoco...,2016-09-05 14:00:04,es,N
772799248828170241,LaraIglesiasFon,Cuando suben tres fotos tuyas representando tres clases de la Escuela de M√∫sica y sales de todo menos bien,2016-09-05 14:11:13,es,N
771107499281903616,AlexysFlinG,@___abm13 me has borrao del lol?,2016-08-31 22:08:48,es,N
771268891834130433,Ralbarn,"@aletheia7 s√≠, ya estoy resignado en ese sentido",2016-09-01 08:50:07,es,N
773304255570644992,Ujsharp,Era m√°s grande de lo que parece.,2016-09-06 23:37:56,es,NEU
773280415209619456,CristinaBargue1,@Galan_Javichu lo que estoy es deprimida,2016-09-06 22:03:12,es,N
773338659982639106,xrcklssx_,tu en serio por que sois tan tontos,2016-09-07 01:54:39,es,N
773513978215600128,Ivanah_Gr,Ir√© a la bgw con una peque√±a sorpresa,2016-09-07 13:31:18,es,NEU
773519734390349825,ireneegarcia5_,"No es que ahora no sea feliz, pero antes lo era m√°s",2016-09-07 13:54:10,es,N
774733804833472512,Esme_Merme,Ma√±ana va a ser un d√≠a guay,2016-09-10 22:18:27,es,P
774695287717855232,torresburriel,Qu√© jodido es ser del @RealZaragoza hoy,2016-09-10 19:45:24,es,N
773655060484153348,TheZomberKids,@marinj460 a mi me a pasado en la 76,2016-09-07 22:51:54,es,NONE
773551888990076928,MessMind_,Estoy muy preocupado por √©l con lo bueno que es,2016-09-07 16:01:56,es,NEU
773650684386443266,luuu_g,@Pattvh_ no porque no los tienes activados a todos,2016-09-07 22:34:31,es,NONE
773667964021272576,Isitaaa14,"@MrJungla ya somos dos, que triste",2016-09-07 23:43:11,es,N
773667831498018821,Haus0fJau,@DovakhiinMudo 9 por lo buenico que eres  üíú,2016-09-07 23:42:39,es,P
773238965709176832,maoliverf,@chefidiaz no seas muy dura,2016-09-06 19:18:30,es,N
774194312007520256,rubiaa17del99,Ya me encuentro mucho mejor.,2016-09-09 10:34:42,es,P
773970808192528384,Thigfall,alguien duo por la noche?,2016-09-08 19:46:35,es,NONE
774749669180182530,josevilli777,"Que os den, buenas noches",2016-09-10 23:21:29,es,N
774979102742876160,TSMVayne,Hoy es un d√≠a especial. Feliz 11S.,2016-09-11 14:33:11,es,P
774978402377949184,damiancillo15,"@anna_delaossa ya no tengo mas , soy pobre",2016-09-11 14:30:24,es,N
774957359894556676,judithgoan,Quiero ir a la Diada,2016-09-11 13:06:47,es,NEU
775005791136997377,_silverbolts,@AndreaJArsenal a m√≠ en directo pero,2016-09-11 16:19:14,es,NONE
773444810044768256,ClinicaPardinas,@CodigoNoVerbal Tanto como nosotros de que la impartas,2016-09-07 08:56:27,es,P
775044444118720512,gamusino,@Ssictor No todos somos gilipollas,2016-09-11 18:52:49,es,N
773112600284499968,elenaalbendin,Un d√≠a la casa para mi sola por f√≠n,2016-09-06 10:56:22,es,P
773210077381718016,EmiSouled,"@VasoDeLejia Pero si yo soy inocente 
o no lo soy..",2016-09-06 17:23:42,es,NEU
773136593150443520,eLagzb_,Luego la rara soy yo,2016-09-06 12:31:42,es,N
773184057387655168,Rovirolas,Esto de estar feliz mola,2016-09-06 15:40:19,es,P
773162483821449216,amarowalker,que ganas del FF XV en serio,2016-09-06 14:14:35,es,NEU
773126032626970624,yeray_banho,@Monicadocatelan no se si ser√© tan despreciable,2016-09-06 11:49:44,es,N
773027014513139714,inmalg00,Las 7 y cuarto y yo aqu√≠,2016-09-06 05:16:17,es,NONE
767848662747770880,DannySparks1984,"@WaterLiliesMon_ no las des, en serio.",2016-08-22 22:19:21,es,NONE
767680782135590912,louishufflepuff,@showmystyles pero esa no es bonita,2016-08-22 11:12:15,es,N
768784012966031361,TheFuryoStyle,@ionrumanboy no es tan facil,2016-08-25 12:16:06,es,N
768895216027860992,SaraBJForever,Ya me han picado los bichos,2016-08-25 19:37:59,es,N
768868652795977728,Mari_Estopera,Me voy a despejarme un poquito por ahi,2016-08-25 17:52:26,es,NEU
767366115999834112,_Pandiitaah_,Que coraje me dan lxs prepotentxs,2016-08-21 14:21:53,es,N
767394018527436800,Luciiarodriigue,ah bueno y no tengo dinero,2016-08-21 16:12:46,es,N
767521151262351361,Neeeith_,Encima estoy en mal de amores tio.,2016-08-22 00:37:56,es,N
767432328381693952,andreamouri1405,En realidad no soy tan blanca,2016-08-21 18:44:59,es,NEU
767388791543914497,_Vicsc_,Tengo los md abiertos Crushes,2016-08-21 15:51:59,es,NONE
768234582630072320,Amanda_13_19,Lo peor es que no es aposta,2016-08-23 23:52:52,es,N
768184386206441472,nlxhss,@nyctophyle tia eso es muy raro,2016-08-23 20:33:24,es,N
768163226240647168,swftmichael,Soy muy obvia pero me la suda,2016-08-23 19:09:19,es,NEU
768067818378104832,SacandoRabia,@ibk_lx7 Ps porque t√∫ lo eres conmigo,2016-08-23 12:50:12,es,NONE
767817325680660481,Littlewaarrior_,@eduarsarcos yo no soy normal,2016-08-22 20:14:50,es,N
769274823818215424,proudandclear,ten√≠a un mensaje directo y estaba,2016-08-26 20:46:25,es,NONE
769307188326240256,ItsGoBieber,"@cakebaess no lo es, tranquila",2016-08-26 22:55:01,es,P
769325141121703936,CristianHilton,Me estoy muriendo de lo malo que estoy,2016-08-27 00:06:21,es,N
769190253911543808,loyalty_nd_hate,@Maria_livefree yo ya lo tengo bonica,2016-08-26 15:10:22,es,P
768382033429164032,runesonmyskin,A ver s√∫per cutie y tal pero,2016-08-24 09:38:47,es,N
768371291275624448,ClubFansArgiGH,Me encuentro muy mal hoy no estoy para trabajar,2016-08-24 08:56:06,es,N
769559274104164352,AlexysFlinG,@Mentestropeada Bof tio que duro,2016-08-27 15:36:43,es,N
768942387305521152,Forgottenhands,@Hekiina es que la intimidas,2016-08-25 22:45:26,es,N
768961384424038402,dalejandrob_,@mariaaravjo oye pero yo no soy tan burguesito sbs,2016-08-26 00:00:55,es,N
768772572754436098,Chocooaddict,@GordoMaestro No lo soy lemado,2016-08-25 11:30:39,es,NEU
757481442532286464,lxyal_,Xq ta cerrao el estanco,2016-07-25 07:43:43,es,N
757601971562024964,Pecachuk,@YelouKitty pero eso no es grasioso,2016-07-25 15:42:40,es,N
757593585634213888,RubenRuCh,@Davorias Pero es que est√° muy rica,2016-07-25 15:09:20,es,P
757585725764362240,rayjaken,@narvalillo Eso es antiguo ya,2016-07-25 14:38:06,es,N
757097408304148480,Fuhyo__,Mi TL esta vac√≠a a estas horas,2016-07-24 06:17:42,es,N
757971881077182464,xLytherinDovah,"Ya tengo uno, pero ese es m√°s cheto  @aweamasome.",2016-07-26 16:12:33,es,NEU
757949870124695552,ShiraPamer,Estoy sensible y lloro por todo y,2016-07-26 14:45:05,es,N
